{"cameraMode":{"drawMode":0,"name":"Shaded","section":"Shading Mode"},"sceneLighting":true,"audioPlay":false,"sceneViewState":{"m_AlwaysRefresh":false,"showFog":true,"showSkybox":true,"showFlares":true,"showImageEffects":true,"showParticleSystems":true,"showVisualEffectGraphs":true,"m_FxEnabled":true},"in2DMode":false,"pivot":{"x":505.45660400390627,"y":467.4827880859375,"z":39.02745819091797},"rotation":{"x":0.00012061759480275214,"y":-0.9991917610168457,"z":-0.0029979082755744459,"w":-0.04019341990351677},"size":52.38542556762695,"orthographic":true}